# España: Datos de población del INE, a 1 de Enero, Padrón Municipal:
#   http://www.ine.es/jaxiBD/tabla.do?per=12&type=db&divi=DPOP&idtab=1
#
# Ahora http://www.ine.es/jaxi/tabla.do?path=/t20/e245/p08/l0/&file=01001.px&type=pcaxis&L=0
#
E,España,2007,45200737 
E,España,2008,46157822
E,España,2009,46745807
E,España,2010,47021031
E,España,2011,47190493 
E,España,2012,47265321 
E,España,2013,47129783
E,España,2014,46771341
E,España,2015,46624382
E,España,2016,46557008
E,España,2017,46572132
E,España,2018,46722980
E,España,2019,47026208
